"","Group","Feature","Level","Count","% in group","CI_95_l","CI_95_u"
"1","Healthy","gender","1",22633,10.9,0.108,0.111
"2","Healthy","gender","2",11886,5.7,0.056,0.058
"3","Patients","gender","1",21797,10.8,0.107,0.11
"4","Patients","gender","2",11751,5.8,0.057,0.059
"5","Healthy","glucose","1",30495,14.7,0.146,0.149
"6","Healthy","glucose","2",2056,1,0.01,0.01
"7","Healthy","glucose","3",1968,1,0.009,0.01
"8","Patients","glucose","1",27487,13.7,0.135,0.138
"9","Patients","glucose","2",2899,1.4,0.014,0.015
"10","Patients","glucose","3",3162,1.6,0.015,0.016
"11","Healthy","cholesterol","1",28960,14,0.138,0.141
"12","Healthy","cholesterol","2",3715,1.8,0.017,0.019
"13","Healthy","cholesterol","3",1844,0.9,0.009,0.009
"14","Patients","cholesterol","1",22205,11,0.109,0.112
"15","Patients","cholesterol","2",5447,2.7,0.026,0.028
"16","Patients","cholesterol","3",5896,2.9,0.029,0.03
"17","Healthy","smoke","0",31344,15.1,0.15,0.153
"18","Healthy","smoke","1",3175,1.5,0.015,0.016
"19","Patients","smoke","0",30787,15.3,0.151,0.155
"20","Patients","smoke","1",2761,1.4,0.013,0.014
"21","Healthy","alco","0",32620,15.7,0.156,0.159
"22","Healthy","alco","1",1899,0.9,0.009,0.01
"23","Patients","alco","0",31828,15.8,0.157,0.16
"24","Patients","alco","1",1720,0.9,0.008,0.009
"25","Healthy","phys activity","0",6267,3,0.03,0.031
"26","Healthy","phys activity","1",28252,13.6,0.135,0.138
"27","Patients","phys activity","0",7093,3.5,0.034,0.036
"28","Patients","phys activity","1",26455,13.1,0.13,0.133
